"No","year","month","day","hour","PM2.5","PM10","SO2","NO2","CO","O3","TEMP","PRES","DEWP","RAIN","wd","WSPM","station"
193,2013,3,9,0,49,67,53,70,1600,68,3.6,996.1,-2.6,0,"W",0.6,"Aotizhongxin"
194,2013,3,9,1,89,91,54,84,1899,68,2.1,994.9,-2.6,0,"W",1.1,"Aotizhongxin"
195,2013,3,9,2,89,97,44,97,2299,68,1.4,994.1,-3.1,0,"N",0,"Aotizhongxin"
196,2013,3,9,3,98,125,42,94,2299,68,1.1,993,-3.2,0,"NE",1.4,"Aotizhongxin"
197,2013,3,9,4,97,118,52,97,2399,68,1.8,992,-2.3,0,"E",0,"Aotizhongxin"
198,2013,3,9,5,102,123,52,93,2500,68,3.2,992,-2.8,0,"NE",1.3,"Aotizhongxin"
199,2013,3,9,6,110,153,44,83,2600,68,2.8,992.2,-2.5,0,"NE",1,"Aotizhongxin"
200,2013,3,9,7,108,143,51,85,2100,68,4.6,992.9,-2.1,0,"NE",1.8,"Aotizhongxin"
201,2013,3,9,8,104,139,70,82,2100,68,8.4,994.1,-1.7,0,"E",2.6,"Aotizhongxin"
202,2013,3,9,9,113,166,108,86,1899,68,16.3,995.9,-0.4,0,"NNW",3.3,"Aotizhongxin"
203,2013,3,9,10,145,272,122,86,2200,68,16.7,998.3,-4.6,0,"NNW",7.7,"Aotizhongxin"
204,2013,3,9,11,69,587,50,21,400,68,14.3,1001.3,-9.1,0,"NNW",7.4,"Aotizhongxin"
205,2013,3,9,12,78,NA,10,10,300,68,12.4,1004.3,-14.4,0,"NW",7.9,"Aotizhongxin"
206,2013,3,9,13,49,628,4,7,300,76,10.3,1006.5,-17,0,"NNW",7.2,"Aotizhongxin"
207,2013,3,9,14,47,662,3,6,300,81,10.5,1008.1,-16.8,0,"NNW",6.7,"Aotizhongxin"
208,2013,3,9,15,28,443,3,8,300,81,10.2,1009.4,-17.1,0,"N",3.9,"Aotizhongxin"
209,2013,3,9,16,21,263,3,9,300,81,10.5,1010.8,-17.8,0,"N",4.8,"Aotizhongxin"
210,2013,3,9,17,14,251,4,9,300,81,8.6,1013,-18.3,0,"NNE",4.8,"Aotizhongxin"
211,2013,3,9,18,17,205,4,10,300,81,7.4,1015.9,-19.3,0,"NNE",4.8,"Aotizhongxin"
212,2013,3,9,19,15,107,5,10,400,81,6.4,1018.1,-18.4,0,"N",3.5,"Aotizhongxin"
213,2013,3,9,20,18,104,4,7,400,82,5.6,1019.7,-18.3,0,"N",4.5,"Aotizhongxin"
214,2013,3,9,21,12,58,4,8,400,82,4.8,1020.3,-17.6,0,"N",3.3,"Aotizhongxin"
215,2013,3,9,22,11,34,6,8,300,82,3.8,1021.2,-17.8,0,"NNE",1.2,"Aotizhongxin"
216,2013,3,9,23,6,19,8,10,400,82,0.8,1021.3,-14.1,0,"SSE",0.6,"Aotizhongxin"
217,2013,3,10,0,11,15,6,16,400,82,-0.5,1020.8,-13.4,0,"N",0,"Aotizhongxin"
218,2013,3,10,1,11,16,10,25,400,82,-0.2,1021.1,-11.6,0,"W",1,"Aotizhongxin"
219,2013,3,10,2,6,18,14,41,400,82,-2.1,1020.9,-11.7,0,"NNE",0.7,"Aotizhongxin"
220,2013,3,10,3,10,25,17,55,500,82,-2,1021.1,-11.8,0,"NNW",1.2,"Aotizhongxin"
221,2013,3,10,4,18,63,17,76,500,82,-1.3,1021.9,-14.8,0,"NNE",0,"Aotizhongxin"
222,2013,3,10,5,21,35,18,80,700,82,-1.8,1022,-10.9,0,"W",1.7,"Aotizhongxin"
223,2013,3,10,6,18,21,21,73,800,82,-2,1022.5,-11.8,0,"N",0,"Aotizhongxin"
224,2013,3,10,7,24,46,21,82,1500,82,3.5,1023.2,-14.7,0,"SSW",2.3,"Aotizhongxin"
225,2013,3,10,8,31,74,33,84,1300,82,5.3,1023.5,-15.9,0,"SW",4.6,"Aotizhongxin"
226,2013,3,10,9,26,75,34,69,900,82,6.8,1023.1,-15.9,0,"SSW",5.2,"Aotizhongxin"
227,2013,3,10,10,27,63,28,55,700,82,8.3,1022.4,-14.7,0,"SSW",4.6,"Aotizhongxin"
228,2013,3,10,11,30,59,20,40,800,82,9.8,1021.9,-14.2,0,"S",2.7,"Aotizhongxin"
229,2013,3,10,12,28,56,21,34,700,82,10.4,1021,-14.4,0,"SSW",0.4,"Aotizhongxin"
230,2013,3,10,13,34,52,20,30,600,82,11.2,1020,-13.8,0,"S",2.8,"Aotizhongxin"
231,2013,3,10,14,28,54,17,28,500,82,11.4,1019,-13.6,0,"SSW",4,"Aotizhongxin"
232,2013,3,10,15,37,71,17,27,500,82,11.3,1018.7,-14.5,0,"SW",4.5,"Aotizhongxin"
233,2013,3,10,16,36,94,18,26,500,84,10.4,1018.3,-13.7,0,"SW",4.1,"Aotizhongxin"
234,2013,3,10,17,38,117,25,33,500,84,9.1,1018.2,-13.4,0,"SSW",4.4,"Aotizhongxin"
235,2013,3,10,18,44,106,27,34,600,84,8.2,1018.5,-12.3,0,"SSW",2.6,"Aotizhongxin"
236,2013,3,10,19,60,102,28,39,700,84,7.7,1018.8,-11.1,0,"SSW",2.3,"Aotizhongxin"
237,2013,3,10,20,70,115,33,61,800,84,7.4,1018.8,-10.9,0,"S",3.5,"Aotizhongxin"
238,2013,3,10,21,64,114,28,62,800,84,6.5,1018.9,-10.3,0,"SSW",2.7,"Aotizhongxin"
239,2013,3,10,22,70,123,31,60,900,84,5.9,1018.5,-10,0,"SW",2.4,"Aotizhongxin"
240,2013,3,10,23,81,140,46,62,1000,84,3,1018.7,-9,0,"SSW",0.9,"Aotizhongxin"
241,2013,3,11,0,90,147,55,69,1100,84,0.3,1018.5,-8.7,0,"SW",1.4,"Aotizhongxin"
242,2013,3,11,1,95,156,57,78,1100,84,-0.7,1018,-7.3,0,"SW",0.7,"Aotizhongxin"
243,2013,3,11,2,95,140,53,76,1100,84,-1.7,1017.4,-7,0,"WNW",0.5,"Aotizhongxin"
244,2013,3,11,3,96,138,56,78,1100,84,-2.1,1017.2,-6.5,0,"N",0.6,"Aotizhongxin"
245,2013,3,11,4,97,140,55,80,1100,84,-1.6,1016.9,-7.9,0,"NNE",1.1,"Aotizhongxin"
246,2013,3,11,5,106,146,49,76,1200,84,-2.3,1016.9,-8,0,"SE",0.1,"Aotizhongxin"
247,2013,3,11,6,114,147,40,76,1600,84,-2.1,1017,-8,0,"NE",0.9,"Aotizhongxin"
248,2013,3,11,7,112,155,62,77,2100,84,1.3,1017.4,-8.3,0,"NNE",1.9,"Aotizhongxin"
249,2013,3,11,8,113,184,71,77,2600,84,3.1,1017.5,-8.6,0,"NE",1.8,"Aotizhongxin"
250,2013,3,11,9,120,196,96,89,2500,84,4.6,1016.8,-8.2,0,"NE",1.8,"Aotizhongxin"
251,2013,3,11,10,141,205,102,97,2500,84,6.7,1016,-8.1,0,"NNE",1.4,"Aotizhongxin"
252,2013,3,11,11,140,198,96,105,2299,84,7.6,1015,-8.1,0,"N",1.3,"Aotizhongxin"
253,2013,3,11,12,149,207,99,118,2200,84,9.7,1013.4,-7.5,0,"NNW",1.6,"Aotizhongxin"
254,2013,3,11,13,150,189,114,124,2100,84,11.3,1012.3,-7.1,0,"S",3.5,"Aotizhongxin"
255,2013,3,11,14,114,151,99,80,1100,84,11.4,1010.9,-7.5,0,"SSE",2.5,"Aotizhongxin"
256,2013,3,11,15,106,133,96,69,1000,84,10.7,1010.3,-6.2,0,"SSW",2.1,"Aotizhongxin"
257,2013,3,11,16,113,162,109,76,1100,76,10.4,1009.5,-6.5,0,"SSW",3.4,"Aotizhongxin"
258,2013,3,11,17,132,198,148,90,1700,76,9.7,1009.7,-5.8,0,"SSW",2.1,"Aotizhongxin"
259,2013,3,11,18,149,253,161,100,2100,71,9.7,1009.8,-5.1,0,"S",2,"Aotizhongxin"
260,2013,3,11,19,144,233,90,98,1500,51,9.6,1010,-4.4,0,"S",1.5,"Aotizhongxin"
261,2013,3,11,20,156,214,103,116,1899,47,9.8,1010.4,-2.8,0,"SSE",1.3,"Aotizhongxin"
262,2013,3,11,21,174,246,124,121,2200,47,9.6,1009.8,-2.7,0,"SSW",1.5,"Aotizhongxin"
263,2013,3,11,22,152,196,88,109,1600,47,9.3,1009.2,-4,0,"SSW",1.5,"Aotizhongxin"
264,2013,3,11,23,113,145,62,97,1300,47,8.6,1008,-4.6,0,"SSE",1.1,"Aotizhongxin"
